﻿<?xml version="1.0" encoding="utf-8"?>
<LayoutBookMap deliveryMedium="Print" layoutType="4-page top-fold" layoutSubtype="" firstInddId="" servicesVersion="4.31.5618.23315" templateId="b7ceef8b-50a6-4855-b1f1-1a8bdeffc7b0" impositionInfo="" ATScriptVersion="5.7">
	<imageAssets>
		<ImageAsset imageId="14cb2069-4bea-4936-b180-dd20b7cc020f" printFilename="\2015\05\26/14cb2069-4bea-4936-b180-dd20b7cc020f/links/1PGC4199_converted_COMMON.pdf" webFilename="\2015\05\26/14cb2069-4bea-4936-b180-dd20b7cc020f/weblinks/1PGC4199_converted_COMMON_2221.png" printFileType="pdf" printFilePart="4" printFileCrop="CROP_ART" thumbnailFilename="1PGC4199_converted_COMMON_2221.jpg" pixelWidth="" pixelHeight="" />
	</imageAssets>
	<layoutRefs>
		<LayoutRef assetType="Page" layoutNumber="1" assetFileType="xml" assetSource="5d09863b-30e8-45f3-9a25-d50b53f4cdd0\template.xml" layoutId="5d09863b-30e8-45f3-9a25-d50b53f4cdd0" userInteracted="false" uriPath="http://devsql1.silpub.com/sdsession/1e93f372-83d2-4a60-ac25-f7bf8098259f/layout/5d09863b-30e8-45f3-9a25-d50b53f4cdd0/output/lrg" />
		<LayoutRef assetType="Page" layoutNumber="2" assetFileType="xml" assetSource="a2d33b5f-9964-4c3d-8bcd-d06abf26a233\template.xml" layoutId="a2d33b5f-9964-4c3d-8bcd-d06abf26a233" userInteracted="false" uriPath="http://devsql1.silpub.com/sdsession/1e93f372-83d2-4a60-ac25-f7bf8098259f/layout/a2d33b5f-9964-4c3d-8bcd-d06abf26a233/output/lrg" />
		<LayoutRef assetType="Page" layoutNumber="3" assetFileType="xml" assetSource="8f7105d4-bcde-411a-b838-c6382ff9f6b3\template.xml" layoutId="8f7105d4-bcde-411a-b838-c6382ff9f6b3" userInteracted="false" uriPath="http://devsql1.silpub.com/sdsession/1e93f372-83d2-4a60-ac25-f7bf8098259f/layout/8f7105d4-bcde-411a-b838-c6382ff9f6b3/output/lrg" />
		<LayoutRef assetType="Page" layoutNumber="4" assetFileType="xml" assetSource="10fccf30-fe1c-4150-b6b8-5fe54fc52922\template.xml" layoutId="10fccf30-fe1c-4150-b6b8-5fe54fc52922" userInteracted="false" uriPath="http://devsql1.silpub.com/sdsession/1e93f372-83d2-4a60-ac25-f7bf8098259f/layout/10fccf30-fe1c-4150-b6b8-5fe54fc52922/output/lrg">
			<alternateLayouts>
				<AlternateLayout layoutId="9f4f7335-266e-425b-aff1-2e40f91641d8" position="0" uriPath="http://devsql1.silpub.com/SDSession/1e93f372-83d2-4a60-ac25-f7bf8098259f/Layout/9f4f7335-266e-425b-aff1-2e40f91641d8/output/lrg" />
				<AlternateLayout layoutId="aad15561-7d5c-4151-bf93-e848d47e40ff" position="1" uriPath="http://devsql1.silpub.com/SDSession/1e93f372-83d2-4a60-ac25-f7bf8098259f/Layout/aad15561-7d5c-4151-bf93-e848d47e40ff/output/lrg" />
			</alternateLayouts>
		</LayoutRef>
	</layoutRefs>
</LayoutBookMap>