﻿<?xml version="1.0" encoding="UTF-8" standalone="yes"?>
<Template scriptLabel="altId=1PGC4199|converterVersionNumber=1.1|outputMedia=Print|templateType=Page Template|layoutType=4-page top-fold|folded=true|foldIsHorizontal=true|bDisplayGlobalFontList=true" deliveryMedium="Print" layoutType="4-page top-fold" layoutSubtype="" type="Page" projectName="Demo" componentTypeId="" colorTheme="" ATScriptVersion="5.7" ATCustomScriptVersion="0.03" SDCoreVersion="1664" DTDVersion="2.7.0" FlexAppVersion="" servicesVersion="4.31.5618.23315" TemplateEditorVersion="9.5.1" conversionInfo="" impositionInfo="" pageCount="1" width="364.5" height="279" bleedTop="7.2" bleedBottom="7.2" bleedInside="7.2" bleedOutside="7.2" slugTop="0" slugBottom="0" slugInside="0" slugOutside="0" id="1PGC4199_IT_1.indd" rulerUnits="points" addPages="" globalLightAngle="120" globalLightAltitude="30" layoutID="a2d33b5f-9964-4c3d-8bcd-d06abf26a233"><swatches><Swatch templateName="r0g0b0" designerLabel="r0g0b0" designerHidden="false" model="PROCESS" cmykValue="4b|44|43|5a" rgbValue="#000000" /><Swatch templateName="Registration" designerLabel="Registration" designerHidden="true" model="REGISTRATION" cmykValue="64|64|64|64" rgbValue="#000000" /><Swatch templateName="Paper" designerLabel="White" designerHidden="true" model="PROCESS" cmykValue="00|00|00|00" rgbValue="#ffffff" /><Swatch templateName="C=75 M=5 Y=100 K=0" designerLabel="C=75 M=5 Y=100 K=0" designerHidden="false" model="PROCESS" cmykValue="4b|05|64|00" rgbValue="#40ad48" /><Swatch templateName="C=15 M=100 Y=100 K=0" designerLabel="C=15 M=100 Y=100 K=0" designerHidden="false" model="PROCESS" cmykValue="0f|64|64|00" rgbValue="#d12229" /><Swatch templateName="C=100 M=90 Y=10 K=0" designerLabel="C=100 M=90 Y=10 K=0" designerHidden="false" model="PROCESS" cmykValue="64|5a|0a|00" rgbValue="#24408e" /><Swatch templateName="C=100 M=0 Y=0 K=0" designerLabel="C=100 M=0 Y=0 K=0" designerHidden="false" model="PROCESS" cmykValue="64|00|00|00" rgbValue="#00adef" /><Swatch templateName="C=0 M=100 Y=0 K=0" designerLabel="C=0 M=100 Y=0 K=0" designerHidden="false" model="PROCESS" cmykValue="00|64|00|00" rgbValue="#ec008b" /><Swatch templateName="C=0 M=0 Y=100 K=0" designerLabel="C=0 M=0 Y=100 K=0" designerHidden="false" model="PROCESS" cmykValue="00|00|64|00" rgbValue="#fff100" /><Swatch templateName="Black" designerLabel="Black" designerHidden="true" model="PROCESS" cmykValue="00|00|00|64" rgbValue="#000000" /></swatches><styles><characterStyles /><paragraphStyles><ParagraphStyle groupName="" name="POD 1  Style 1" fontId="apexsans-book" fontSize="14" typographicCase="default" color="#000000" swatchName="Black" fillOverprint="false" lineHeight="16.8" baselineShift="0" textDecoration="none" ligatureLevel="common" digitWidth="default" digitCase="default" trackingRight="0%" ruleAbove="false" ruleAboveLineWeight="0" ruleAboveOffset="0" ruleAboveType="" ruleAboveRightIndent="0" ruleAboveLeftIndent="0" ruleAboveColor="" ruleAboveSwatchName="" ruleAboveOverprint="false" ruleBelow="false" ruleBelowLineWeight="0" ruleBelowOffset="0" ruleBelowType="" ruleBelowRightIndent="0" ruleBelowLeftIndent="0" ruleBelowColor="" ruleBelowSwatchName="" ruleBelowOverprint="false" listType="" textIndent="0" paragraphStartIndent="0" paragraphEndIndent="0" textAlign="center" tabStops="S36 S72 S108 S144 S180 S216 S252 S288 S324 S360 S396 S432 S468 S504 S540 S576 S612 S648 S684 S720 S756 S792 S828 S864 S900 S936 S972 S1008 S1044 S1080" paragraphSpaceBefore="0" paragraphSpaceAfter="0" /></paragraphStyles></styles><stories><Story id="1281"><textContainers><TextFrame id="1278"><columns><Column><lines><Line lineEndCharacter="space">Quem sunum et videt, scribem casdam detissu </Line><Line lineEndCharacter="space">ltorum tum ina, nequa nostordis patimus, quit fuem </Line><Line lineEndCharacter="space">eli, quam abesimis et vereser teliciptem hoc terdi </Line><Line lineEndCharacter="space">satur, nones cus oca ne ressoltum in vem et; ium pra, </Line><Line lineEndCharacter="space">que patius. Aci in se pondam orurbis, videm hos </Line><Line lineEndCharacter="return">consuli, Ti. Omne con hoc te init.</Line><Line lineEndCharacter="space">Ota Si silic mus arit, num tum fur. Ibus publiaci inario </Line><Line lineEndCharacter="space">es consim in senat, Catin intraedet? Ehebatu </Line><Line lineEndCharacter="space">vastatrid cae ca nes hoc ocum, desi ces! Confec rem </Line><Line lineEndCharacter="space">deli se acenint ervica; hum quemus. Ibus conerita </Line><Line lineEndCharacter="space">intiquem compricast int? Noster ut iam aute te no. </Line><Line lineEndCharacter="space">Vatala in Itabem, quis. Sermili ussupic ervis? Patusta, </Line><Line lineEndCharacter="space">popoentiumum me ia prem manum huis. Vitiam P. Go </Line><Line>et perenih ilicomnemus, cam</Line></lines></Column></columns></TextFrame></textContainers><TextFlow xmlns="http://ns.adobe.com/textLayout/2008" blockProgression="tb" version="2.0.0" whiteSpaceCollapse="preserve" verticalAlign="top"><div><p paraStyleGroup="" paraStyle="POD 1  Style 1"><span>Quem sunum et videt, scribem casdam detissu ltorum tum ina, nequa nostordis patimus, quit fuem eli, quam abesimis et vereser teliciptem hoc terdi satur, nones cus oca ne ressoltum in vem et; ium pra, que patius. Aci in se pondam orurbis, videm hos consuli, Ti. Omne con hoc te init.</span></p><p paraStyleGroup="" paraStyle="POD 1  Style 1"><span>Ota Si silic mus arit, num tum fur. Ibus publiaci inario es consim in senat, Catin intraedet? Ehebatu vastatrid cae ca nes hoc ocum, desi ces! Confec rem deli se acenint ervica; hum quemus. Ibus conerita intiquem compricast int? Noster ut iam aute te no. Vatala in Itabem, quis. Sermili ussupic ervis? Patusta, popoentiumum me ia prem manum huis. Vitiam P. Go et perenih ilicomnemus, cam</span></p></div></TextFlow></Story></stories><imageAssets><ImageAsset imageId="70f4d9fb-1e43-4f7e-b23c-48f5c49b48b3" printFilename="\2015\05\26/70f4d9fb-1e43-4f7e-b23c-48f5c49b48b3/links/1PGC4199_converted_COMMON.pdf" webFilename="\2015\05\26/70f4d9fb-1e43-4f7e-b23c-48f5c49b48b3/weblinks/1PGC4199_converted_COMMON_2213.png" printFileType="pdf" printFilePart="2" printFileCrop="CROP_ART" thumbnailFilename="1PGC4199_converted_COMMON_2205.jpg" pixelWidth="" pixelHeight="" /></imageAssets><defaults /><fonts displayGlobalFontList="true"><Font fontFamily="Apex Sans"><fontVariant fontId="apexsans-book" fontStyle="Book" fullName="ApexSans-Book" postScriptName="ApexSans-Book" designerLabel="ApexSans-Book" designerLabelId="" designerWeight="normal" designerStyle="normal" type="OTF CFF" source="ApexSans-Book.swf" fileName="ApexSans Book.otf" htmlFontFamily="" fontServiceId="" fontServiceFamilyName="" designerFamily="Apex Sans" designerHidden="false" appliedToTemplate="true"><fontMetrics><![CDATA[Font Metrics Not Generated]]></fontMetrics></fontVariant></Font></fonts><pages><Page number="1" addImageFrames="true" addTextFrames="true" uploadUserImages="true" designerLabel="Page 1" width="364.5" height="279"><PageItemBlock layer="UNDERPRINT_IT" scriptLabel="id=991|displayName=Rectangle_991|type=graphic|required=false|visible=true|preview=always|publish=always|contentSelectable=false|helpText=|selectable=false|contentCopyable=false|contentFlippable=true|contentMovable=false|contentRotatable=false|contentScalable=false|copyable=false|movable=false|rotatable=false|scaleProportionally=true|flippable=true|scalable=false|contentType=|deletable=false|rotationConstraint=45|rotationLimit=90|scaleType=fitContentProportionally|positionLimit=none|positionLimitOffset=0|contentDeletable=false|floating=false" type="graphic" selectable="false" sequence="" designerLabel="Rectangle_991" completed="false" deletable="false" movable="false" visible="true" floating="false" copyable="false" publish="always" preview="always" positionLimits="none" positionLimitsOffset="0" rotatable="false" rotationLimit="90" rotationConstraint="45" scalable="false" scaleProportionally="true" scaleType="fitContentProportionally" contentType="" restrictedArea="none" userInteracted="false" flippable="true" placeholderContent="false" id="991"><ObjectBlock type="Rectangle"><Frame xOffset="-7.2000" yOffset="-7.2000" width="378.9000" height="293.4000" rotation="0" rotationLimit="90" verticalScale="100" overflow="false" borderStroke="0" borderColor="" borderSwatchName="" strokeOpacity="100" strokeType="solid" fillColor="" fillSwatchName="" fillOpacity="100" opacity="100" strokeBlendMode="normal" fillBlendMode="normal" blendMode="normal" contentBlendMode="normal" selectable="false" movable="false" copyable="false" positionLimits="none" positionLimitsOffset="0" rotatable="false" rotationConstraint="45" scalable="false" scaleProportionally="true" scaleType="fitContentProportionally" flippable="true" fillColorChangeable="true" strokeColorChangeable="true" opacityChangeable="true" blendModeChangeable="true"><Path data="M -7.19999999999993 -7.19999999999999 L -7.19999999999993 286.2 L 371.7 286.2 L 371.7 -7.19999999999999 L -7.19999999999993 -7.19999999999999 Z " /></Frame></ObjectBlock></PageItemBlock><PageItemBlock layer="IT_1" scriptLabel="id=1278|displayName=IT_1_T_1|type=text|required=false|visible=true|preview=always|publish=always|contentSelectable=true|helpText=|selectable=true|copyable=false|movable=false|rotatable=false|contentType=|deletable=false|fontChangeable=true|fontResizeable=true|copyFitting=fitContentToFrame|scalable=false|floating=false|contentMovable=false|contentRotatable=false|contentScalable=false|contentCopyable=false|ttOccasion=Hallmark variables|ttVariableCount=1|ttVariableData=Textframe 1,T_1,case0,-1,false|contentDeletable=true|verticalAlignChangeable=true|horizontalAlignChangeable=true|fontStyleChangeable=true|fillColorChangeableText=true" type="text" selectable="true" sequence="" designerLabel="IT_1_T_1" completed="false" deletable="false" movable="false" visible="true" floating="false" copyable="false" publish="always" preview="always" positionLimits="none" positionLimitsOffset="0" rotatable="false" rotationLimit="0" scalable="false" scaleProportionally="false" contentType="" restrictedArea="none" userInteracted="false" placeholderContent="false" id="1278" spi_var="T_1" spi_var_label="Textframe 1" spi_var_format="case0" spi_var_required="false" spi_var_nonEditable="false" previousPageItem="" nextPageItem=""><TextBlock type="Rectangle" selectable="true" fontChangeable="true" fontResizeable="true" copyfitting="fitContentToFrame" verticalAlignChangeable="true" horizontalAlignChangeable="true" fontStyleChangeable="true" fillColorChangeable="true" columnCount="1" columnGutter="" topInset="0" leftInset="0" bottomInset="0" rightInset="0" storyId="1281" verticalAlign="top" paraStyleGroup="" paraStyle="POD 1  Style 1"><Frame type="TextFrame" xOffset="18.0000" yOffset="18.0000" width="328.5000" height="242.6786" rotation="0" rotationLimit="0" verticalScale="100" overflow="false" borderStroke="0" strokeOpacity="100" borderColor="" borderSwatchName="" strokeType="solid" fillColor="" fillSwatchName="" fillOpacity="100" textOpacity="100" opacity="100" strokeBlendMode="normal" fillBlendMode="normal" blendMode="normal" contentBlendMode="normal" selectable="true" movable="false" copyable="false" positionLimits="none" positionLimitsOffset="0" rotatable="false" scalable="false" scaleProportionally="false" fillColorChangeable="true" strokeColorChangeable="true" opacityChangeable="true" blendModeChangeable="true" /></TextBlock></PageItemBlock><PageItemBlock layer="COMMON" scriptLabel="type=graphic|selectable=false|deletable=false|movable=false|rotatable=false|visible=true|scalable=false|floating=false|publish=always|preview=always|copyable=false|displayName=COMMON items|id=2205|contentSelectable=false|contentDeletable=false|contentMovable=false|contentRotatable=false|contentScalable=false|contentCopyable=false" type="graphic" selectable="false" sequence="" designerLabel="COMMON items" completed="false" deletable="false" movable="false" visible="true" floating="false" copyable="false" publish="always" preview="always" positionLimits="none" positionLimitsOffset="0" rotatable="false" rotationLimit="0" scalable="false" scaleProportionally="true" scaleType="fitContentProportionally" contentType="" restrictedArea="none" userInteracted="false" flippable="true" placeholderContent="false" id="2205"><VectorBlock type="Rectangle"><Frame xOffset="0.0000" yOffset="-0.0000" width="364.5000" height="279.0000" rotation="0" rotationLimit="0" verticalScale="100" overflow="false" borderStroke="0" borderColor="" borderSwatchName="" strokeOpacity="100" strokeType="solid" fillColor="" fillSwatchName="" fillOpacity="100" opacity="100" strokeBlendMode="normal" fillBlendMode="normal" blendMode="normal" contentBlendMode="normal" selectable="false" movable="false" copyable="false" positionLimits="none" positionLimitsOffset="0" rotatable="false" scalable="false" scaleProportionally="true" scaleType="fitContentProportionally" flippable="true" fillColorChangeable="true" strokeColorChangeable="true" opacityChangeable="true" blendModeChangeable="true"><Mask data="M 0 -5.45696821063757e-12 L 0 278.999999999995 L 364.5 278.999999999995 L 364.5 -5.45696821063757e-12 L 0 -5.45696821063757e-12 Z " /></Frame><Image opacity="100" imageId="70f4d9fb-1e43-4f7e-b23c-48f5c49b48b3" filterId="" xOffset="0.0000" yOffset="-0.0000" width="364.5000" height="279.0000" rotation="0" verticalScale="100" selectable="false" deletable="false" movable="false" copyable="false" rotatable="false" scalable="false" opacityChangeable="true" /></VectorBlock></PageItemBlock><PageItemBlock layer="COMMON" scriptLabel="type=3DPanel|id=2262|selectable=false|deletable=false|movable=false|rotatable=false|visible=false|scalable=false|helpText=|contentType=Up is north|contentSubtype=|publish=never|preview=never|copyable=false|floating=false|displayName=Inside Top Panel" type="3DPanel" selectable="false" sequence="" designerLabel="Inside Top Panel" completed="false" deletable="false" movable="false" visible="false" floating="false" copyable="false" publish="never" preview="never" positionLimits="none" positionLimitsOffset="0" rotatable="false" rotationLimit="0" scalable="false" scaleProportionally="true" scaleType="fitContentProportionally" contentType="Up is north" restrictedArea="none" userInteracted="false" flippable="true" placeholderContent="false" id="2262"><ObjectBlock type="Rectangle"><Frame xOffset="0.0000" yOffset="-0.0000" width="364.5000" height="279.0000" rotation="0" rotationLimit="0" verticalScale="100" overflow="false" borderStroke="0" borderColor="" borderSwatchName="" strokeOpacity="100" strokeType="solid" fillColor="" fillSwatchName="" fillOpacity="100" opacity="100" strokeBlendMode="normal" fillBlendMode="normal" blendMode="normal" contentBlendMode="normal" selectable="false" movable="false" copyable="false" positionLimits="none" positionLimitsOffset="0" rotatable="false" scalable="false" scaleProportionally="true" scaleType="fitContentProportionally" flippable="true" fillColorChangeable="true" strokeColorChangeable="true" opacityChangeable="true" blendModeChangeable="true"><Path data="M 0 -5.45696821063757e-12 L 0 278.999999999995 L 364.5 278.999999999995 L 364.5 -5.45696821063757e-12 L 0 -5.45696821063757e-12 Z " /></Frame></ObjectBlock></PageItemBlock></Page></pages></Template>