﻿<?xml version="1.0" encoding="UTF-8" standalone="yes"?>
<Template scriptLabel="altId=1PGC4199|converterVersionNumber=1.1|outputMedia=Print|templateType=Page Template|layoutType=4-page top-fold|folded=true|foldIsHorizontal=true|bDisplayGlobalFontList=true" deliveryMedium="Print" layoutType="4-page top-fold" layoutSubtype="" type="Page" projectName="Demo" componentTypeId="" colorTheme="" ATScriptVersion="5.7" ATCustomScriptVersion="0.03" SDCoreVersion="1664" DTDVersion="2.7.0" FlexAppVersion="" servicesVersion="4.31.5618.23315" TemplateEditorVersion="9.5.1" conversionInfo="" impositionInfo="" pageCount="1" width="364.5" height="279" bleedTop="7.2" bleedBottom="7.2" bleedInside="7.2" bleedOutside="7.2" slugTop="0" slugBottom="0" slugInside="0" slugOutside="0" id="1PGC4199_BK_1.indd" rulerUnits="points" addPages="" globalLightAngle="120" globalLightAltitude="30" layoutID="10fccf30-fe1c-4150-b6b8-5fe54fc52922"><swatches><Swatch templateName="r0g0b0" designerLabel="r0g0b0" designerHidden="false" model="PROCESS" cmykValue="4b|44|43|5a" rgbValue="#000000" /><Swatch templateName="Registration" designerLabel="Registration" designerHidden="true" model="REGISTRATION" cmykValue="64|64|64|64" rgbValue="#000000" /><Swatch templateName="Paper" designerLabel="White" designerHidden="true" model="PROCESS" cmykValue="00|00|00|00" rgbValue="#ffffff" /><Swatch templateName="C=75 M=5 Y=100 K=0" designerLabel="C=75 M=5 Y=100 K=0" designerHidden="false" model="PROCESS" cmykValue="4b|05|64|00" rgbValue="#40ad48" /><Swatch templateName="C=15 M=100 Y=100 K=0" designerLabel="C=15 M=100 Y=100 K=0" designerHidden="false" model="PROCESS" cmykValue="0f|64|64|00" rgbValue="#d12229" /><Swatch templateName="C=100 M=90 Y=10 K=0" designerLabel="C=100 M=90 Y=10 K=0" designerHidden="false" model="PROCESS" cmykValue="64|5a|0a|00" rgbValue="#24408e" /><Swatch templateName="C=100 M=0 Y=0 K=0" designerLabel="C=100 M=0 Y=0 K=0" designerHidden="false" model="PROCESS" cmykValue="64|00|00|00" rgbValue="#00adef" /><Swatch templateName="C=0 M=100 Y=0 K=0" designerLabel="C=0 M=100 Y=0 K=0" designerHidden="false" model="PROCESS" cmykValue="00|64|00|00" rgbValue="#ec008b" /><Swatch templateName="C=0 M=0 Y=100 K=0" designerLabel="C=0 M=0 Y=100 K=0" designerHidden="false" model="PROCESS" cmykValue="00|00|64|00" rgbValue="#fff100" /><Swatch templateName="Black" designerLabel="Black" designerHidden="true" model="PROCESS" cmykValue="00|00|00|64" rgbValue="#000000" /></swatches><styles><characterStyles /><paragraphStyles><ParagraphStyle groupName="" name="POD 1  Style 1" fontId="apexsans-book" fontSize="14" typographicCase="default" color="#000000" swatchName="Black" fillOverprint="false" lineHeight="16.8" baselineShift="0" textDecoration="none" ligatureLevel="common" digitWidth="default" digitCase="default" trackingRight="0%" ruleAbove="false" ruleAboveLineWeight="0" ruleAboveOffset="0" ruleAboveType="" ruleAboveRightIndent="0" ruleAboveLeftIndent="0" ruleAboveColor="" ruleAboveSwatchName="" ruleAboveOverprint="false" ruleBelow="false" ruleBelowLineWeight="0" ruleBelowOffset="0" ruleBelowType="" ruleBelowRightIndent="0" ruleBelowLeftIndent="0" ruleBelowColor="" ruleBelowSwatchName="" ruleBelowOverprint="false" listType="" textIndent="0" paragraphStartIndent="0" paragraphEndIndent="0" textAlign="center" tabStops="S36 S72 S108 S144 S180 S216 S252 S288 S324 S360 S396 S432 S468 S504 S540 S576 S612 S648 S684 S720 S756 S792 S828 S864 S900 S936 S972 S1008 S1044 S1080" paragraphSpaceBefore="0" paragraphSpaceAfter="0" /></paragraphStyles></styles><stories><Story id="1021"><textContainers><TextFrame id="1018"><columns><Column><lines><Line lineEndCharacter="space">Igna poenimilicia Sp. Habem nu immoveh ebunum </Line><Line lineEndCharacter="space">cipicaecerei consununum, quonclus, niu vemnis is </Line><Line lineEndCharacter="return">estra oridet; nos, es liem que tum etint.</Line><Line lineEndCharacter="space">Tum ortemnimis? Ali pulic mantes, furemunum </Line><Line lineEndCharacter="space">acerestoris hosua nos, cone quam, iam tam. </Line><Line>mentraet; inatum nequitrarime terorae etrei essesse</Line></lines></Column></columns></TextFrame></textContainers><TextFlow xmlns="http://ns.adobe.com/textLayout/2008" blockProgression="tb" version="2.0.0" whiteSpaceCollapse="preserve" verticalAlign="top"><div><p paraStyleGroup="" paraStyle="POD 1  Style 1"><span>Igna poenimilicia Sp. Habem nu immoveh ebunum cipicaecerei consununum, quonclus, niu vemnis is estra oridet; nos, es liem que tum etint.</span></p><p paraStyleGroup="" paraStyle="POD 1  Style 1"><span>Tum ortemnimis? Ali pulic mantes, furemunum acerestoris hosua nos, cone quam, iam tam. mentraet; inatum nequitrarime terorae etrei essesse</span></p></div></TextFlow></Story></stories><imageAssets><ImageAsset imageId="14cb2069-4bea-4936-b180-dd20b7cc020f" printFilename="\2015\05\26/14cb2069-4bea-4936-b180-dd20b7cc020f/links/1PGC4199_converted_COMMON.pdf" webFilename="\2015\05\26/14cb2069-4bea-4936-b180-dd20b7cc020f/weblinks/1PGC4199_converted_COMMON_2221.png" printFileType="pdf" printFilePart="4" printFileCrop="CROP_ART" thumbnailFilename="1PGC4199_converted_COMMON_2221.jpg" pixelWidth="" pixelHeight="" /></imageAssets><defaults /><fonts displayGlobalFontList="true"><Font fontFamily="Apex Sans"><fontVariant fontId="apexsans-book" fontStyle="Book" fullName="ApexSans-Book" postScriptName="ApexSans-Book" designerLabel="ApexSans-Book" designerLabelId="" designerWeight="normal" designerStyle="normal" type="OTF CFF" source="ApexSans-Book.swf" fileName="ApexSans Book.otf" htmlFontFamily="" fontServiceId="" fontServiceFamilyName="" designerFamily="Apex Sans" designerHidden="false" appliedToTemplate="true"><fontMetrics><![CDATA[Font Metrics Not Generated]]></fontMetrics></fontVariant></Font></fonts><pages><Page number="1" addImageFrames="true" addTextFrames="true" uploadUserImages="true" designerLabel="Page 1" width="364.5" height="279"><PageItemBlock layer="UNDERPRINT_BK" scriptLabel="id=1226|displayName=Rectangle_1226|type=graphic|required=false|visible=true|preview=always|publish=always|contentSelectable=false|helpText=|selectable=false|contentCopyable=false|contentFlippable=true|contentMovable=false|contentRotatable=false|contentScalable=false|copyable=false|movable=false|rotatable=false|scaleProportionally=true|flippable=true|scalable=false|contentType=|deletable=false|rotationConstraint=45|rotationLimit=90|scaleType=fitContentProportionally|positionLimit=none|positionLimitOffset=0|contentDeletable=false|floating=false" type="graphic" selectable="false" sequence="" designerLabel="Rectangle_1226" completed="false" deletable="false" movable="false" visible="true" floating="false" copyable="false" publish="always" preview="always" positionLimits="none" positionLimitsOffset="0" rotatable="false" rotationLimit="90" rotationConstraint="45" scalable="false" scaleProportionally="true" scaleType="fitContentProportionally" contentType="" restrictedArea="none" userInteracted="false" flippable="true" placeholderContent="false" id="1226"><ObjectBlock type="Rectangle"><Frame xOffset="-7.2000" yOffset="-7.2000" width="378.9000" height="293.4000" rotation="-180" rotationLimit="90" verticalScale="100" overflow="false" borderStroke="0" borderColor="" borderSwatchName="" strokeOpacity="100" strokeType="solid" fillColor="" fillSwatchName="" fillOpacity="100" opacity="100" strokeBlendMode="normal" fillBlendMode="normal" blendMode="normal" contentBlendMode="normal" selectable="false" movable="false" copyable="false" positionLimits="none" positionLimitsOffset="0" rotatable="false" rotationConstraint="45" scalable="false" scaleProportionally="true" scaleType="fitContentProportionally" flippable="true" fillColorChangeable="true" strokeColorChangeable="true" opacityChangeable="true" blendModeChangeable="true"><Path data="M 371.7 286.2 L 371.7 -7.20000000000007 L -7.19999999999999 -7.20000000000007 L -7.19999999999999 286.2 L 371.7 286.2 Z " /></Frame></ObjectBlock></PageItemBlock><PageItemBlock layer="BK_1" scriptLabel="id=1018|displayName=BK_1_T_1|type=text|required=false|visible=true|preview=always|publish=always|contentSelectable=true|helpText=|selectable=true|copyable=false|movable=false|rotatable=false|contentType=|deletable=false|fontChangeable=true|fontResizeable=true|copyFitting=fitContentToFrame|scalable=false|floating=false|contentMovable=false|contentRotatable=false|contentScalable=false|contentCopyable=false|ttOccasion=Hallmark variables|ttVariableCount=1|ttVariableData=Textframe 1,T_1,case0,-1,false|contentDeletable=true|verticalAlignChangeable=true|horizontalAlignChangeable=true|fontStyleChangeable=true|fillColorChangeableText=true" type="text" selectable="true" sequence="" designerLabel="BK_1_T_1" completed="false" deletable="false" movable="false" visible="true" floating="false" copyable="false" publish="always" preview="always" positionLimits="none" positionLimitsOffset="0" rotatable="false" rotationLimit="0" scalable="false" scaleProportionally="false" contentType="" restrictedArea="none" userInteracted="false" placeholderContent="false" id="1018" spi_var="T_1" spi_var_label="Textframe 1" spi_var_format="case0" spi_var_required="false" spi_var_nonEditable="false" previousPageItem="" nextPageItem=""><TextBlock type="Rectangle" selectable="true" fontChangeable="true" fontResizeable="true" copyfitting="fitContentToFrame" verticalAlignChangeable="true" horizontalAlignChangeable="true" fontStyleChangeable="true" fillColorChangeable="true" columnCount="1" columnGutter="" topInset="0" leftInset="0" bottomInset="0" rightInset="0" storyId="1021" verticalAlign="top" paraStyleGroup="" paraStyle="POD 1  Style 1"><Frame type="TextFrame" xOffset="18.7100" yOffset="26.8032" width="327.2400" height="108.0000" rotation="0" rotationLimit="0" verticalScale="100" overflow="false" borderStroke="0" strokeOpacity="100" borderColor="" borderSwatchName="" strokeType="solid" fillColor="" fillSwatchName="" fillOpacity="100" textOpacity="100" opacity="100" strokeBlendMode="normal" fillBlendMode="normal" blendMode="normal" contentBlendMode="normal" selectable="true" movable="false" copyable="false" positionLimits="none" positionLimitsOffset="0" rotatable="false" scalable="false" scaleProportionally="false" fillColorChangeable="true" strokeColorChangeable="true" opacityChangeable="true" blendModeChangeable="true" /></TextBlock></PageItemBlock><PageItemBlock layer="COMMON" scriptLabel="type=graphic|selectable=false|deletable=false|movable=false|rotatable=false|visible=true|scalable=false|floating=false|publish=always|preview=always|copyable=false|displayName=COMMON items|id=2221|contentSelectable=false|contentDeletable=false|contentMovable=false|contentRotatable=false|contentScalable=false|contentCopyable=false" type="graphic" selectable="false" sequence="" designerLabel="COMMON items" completed="false" deletable="false" movable="false" visible="true" floating="false" copyable="false" publish="always" preview="always" positionLimits="none" positionLimitsOffset="0" rotatable="false" rotationLimit="0" scalable="false" scaleProportionally="true" scaleType="fitContentProportionally" contentType="" restrictedArea="none" userInteracted="false" flippable="true" placeholderContent="false" id="2221"><VectorBlock type="Rectangle"><Frame xOffset="0.0000" yOffset="0.0000" width="364.5000" height="279.0000" rotation="0" rotationLimit="0" verticalScale="100" overflow="false" borderStroke="0" borderColor="" borderSwatchName="" strokeOpacity="100" strokeType="solid" fillColor="" fillSwatchName="" fillOpacity="100" opacity="100" strokeBlendMode="normal" fillBlendMode="normal" blendMode="normal" contentBlendMode="normal" selectable="false" movable="false" copyable="false" positionLimits="none" positionLimitsOffset="0" rotatable="false" scalable="false" scaleProportionally="true" scaleType="fitContentProportionally" flippable="true" fillColorChangeable="true" strokeColorChangeable="true" opacityChangeable="true" blendModeChangeable="true"><Mask data="M 0 1.09139364212751e-11 L 0 279.000000000011 L 364.5 279.000000000011 L 364.5 1.09139364212751e-11 L 0 1.09139364212751e-11 Z " /></Frame><Image opacity="100" imageId="14cb2069-4bea-4936-b180-dd20b7cc020f" filterId="" xOffset="0.0000" yOffset="0.0000" width="364.5000" height="279.0000" rotation="0" verticalScale="100" selectable="false" deletable="false" movable="false" copyable="false" rotatable="false" scalable="false" opacityChangeable="true" /></VectorBlock></PageItemBlock><PageItemBlock layer="COMMON" scriptLabel="type=3DPanel|id=2264|selectable=false|deletable=false|movable=false|rotatable=false|visible=false|scalable=false|helpText=|contentType=Up is north|contentSubtype=|publish=never|preview=never|copyable=false|floating=false|displayName=Outside Back Panel" type="3DPanel" selectable="false" sequence="" designerLabel="Outside Back Panel" completed="false" deletable="false" movable="false" visible="false" floating="false" copyable="false" publish="never" preview="never" positionLimits="none" positionLimitsOffset="0" rotatable="false" rotationLimit="0" scalable="false" scaleProportionally="true" scaleType="fitContentProportionally" contentType="Up is north" restrictedArea="none" userInteracted="false" flippable="true" placeholderContent="false" id="2264"><ObjectBlock type="Rectangle"><Frame xOffset="0.0000" yOffset="0.0000" width="364.5000" height="279.0000" rotation="0" rotationLimit="0" verticalScale="100" overflow="false" borderStroke="0" borderColor="" borderSwatchName="" strokeOpacity="100" strokeType="solid" fillColor="" fillSwatchName="" fillOpacity="100" opacity="100" strokeBlendMode="normal" fillBlendMode="normal" blendMode="normal" contentBlendMode="normal" selectable="false" movable="false" copyable="false" positionLimits="none" positionLimitsOffset="0" rotatable="false" scalable="false" scaleProportionally="true" scaleType="fitContentProportionally" flippable="true" fillColorChangeable="true" strokeColorChangeable="true" opacityChangeable="true" blendModeChangeable="true"><Path data="M 0 1.09139364212751e-11 L 0 279.000000000011 L 364.5 279.000000000011 L 364.5 1.09139364212751e-11 L 0 1.09139364212751e-11 Z " /></Frame></ObjectBlock></PageItemBlock></Page></pages></Template>