﻿<?xml version="1.0" encoding="UTF-8" standalone="yes"?>
<Template scriptLabel="altId=1PGC4199|converterVersionNumber=1.1|outputMedia=Print|templateType=Page Template|layoutType=4-page top-fold|folded=true|foldIsHorizontal=true|bDisplayGlobalFontList=true" deliveryMedium="Print" layoutType="4-page top-fold" layoutSubtype="" type="Page" projectName="Demo" componentTypeId="" colorTheme="" ATScriptVersion="5.7" ATCustomScriptVersion="0.03" SDCoreVersion="1664" DTDVersion="2.7.0" FlexAppVersion="" servicesVersion="4.31.5618.23315" TemplateEditorVersion="9.5.1" conversionInfo="" impositionInfo="" pageCount="1" width="364.5" height="279" bleedTop="7.2" bleedBottom="7.2" bleedInside="7.2" bleedOutside="7.2" slugTop="0" slugBottom="0" slugInside="0" slugOutside="0" id="1PGC4199_FT_1.indd" rulerUnits="points" addPages="" globalLightAngle="120" globalLightAltitude="30" layoutID="5d09863b-30e8-45f3-9a25-d50b53f4cdd0"><swatches><Swatch templateName="r0g0b0" designerLabel="r0g0b0" designerHidden="false" model="PROCESS" cmykValue="4b|44|43|5a" rgbValue="#000000" /><Swatch templateName="Registration" designerLabel="Registration" designerHidden="true" model="REGISTRATION" cmykValue="64|64|64|64" rgbValue="#000000" /><Swatch templateName="Paper" designerLabel="White" designerHidden="true" model="PROCESS" cmykValue="00|00|00|00" rgbValue="#ffffff" /><Swatch templateName="C=75 M=5 Y=100 K=0" designerLabel="C=75 M=5 Y=100 K=0" designerHidden="false" model="PROCESS" cmykValue="4b|05|64|00" rgbValue="#40ad48" /><Swatch templateName="C=15 M=100 Y=100 K=0" designerLabel="C=15 M=100 Y=100 K=0" designerHidden="false" model="PROCESS" cmykValue="0f|64|64|00" rgbValue="#d12229" /><Swatch templateName="C=100 M=90 Y=10 K=0" designerLabel="C=100 M=90 Y=10 K=0" designerHidden="false" model="PROCESS" cmykValue="64|5a|0a|00" rgbValue="#24408e" /><Swatch templateName="C=100 M=0 Y=0 K=0" designerLabel="C=100 M=0 Y=0 K=0" designerHidden="false" model="PROCESS" cmykValue="64|00|00|00" rgbValue="#00adef" /><Swatch templateName="C=0 M=100 Y=0 K=0" designerLabel="C=0 M=100 Y=0 K=0" designerHidden="false" model="PROCESS" cmykValue="00|64|00|00" rgbValue="#ec008b" /><Swatch templateName="C=0 M=0 Y=100 K=0" designerLabel="C=0 M=0 Y=100 K=0" designerHidden="false" model="PROCESS" cmykValue="00|00|64|00" rgbValue="#fff100" /><Swatch templateName="Black" designerLabel="Black" designerHidden="true" model="PROCESS" cmykValue="00|00|00|64" rgbValue="#000000" /></swatches><styles><characterStyles /><paragraphStyles><ParagraphStyle groupName="" name="POD 1  Style 1" fontId="apexsans-book" fontSize="14" typographicCase="default" color="#000000" swatchName="Black" fillOverprint="false" lineHeight="16.8" baselineShift="0" textDecoration="none" ligatureLevel="common" digitWidth="default" digitCase="default" trackingRight="0%" ruleAbove="false" ruleAboveLineWeight="0" ruleAboveOffset="0" ruleAboveType="" ruleAboveRightIndent="0" ruleAboveLeftIndent="0" ruleAboveColor="" ruleAboveSwatchName="" ruleAboveOverprint="false" ruleBelow="false" ruleBelowLineWeight="0" ruleBelowOffset="0" ruleBelowType="" ruleBelowRightIndent="0" ruleBelowLeftIndent="0" ruleBelowColor="" ruleBelowSwatchName="" ruleBelowOverprint="false" listType="" textIndent="0" paragraphStartIndent="0" paragraphEndIndent="0" textAlign="center" tabStops="S36 S72 S108 S144 S180 S216 S252 S288 S324 S360 S396 S432 S468 S504 S540 S576 S612 S648 S684 S720 S756 S792 S828 S864 S900 S936 S972 S1008 S1044 S1080" paragraphSpaceBefore="0" paragraphSpaceAfter="0" /></paragraphStyles></styles><stories /><imageAssets><ImageAsset imageId="409ea8ed-0c23-4e9e-925f-0504a873121a" printFilename="\2015\05\26/409ea8ed-0c23-4e9e-925f-0504a873121a/links/CS.1PGC4199_U.psd" webFilename="\2015\05\26/409ea8ed-0c23-4e9e-925f-0504a873121a/weblinks/CS.1PGC4199_U_1970.png" thumbnailFilename="CS.1PGC4199_U_1970.jpg" pixelWidth="1579" pixelHeight="1223" /><ImageAsset imageId="637f065f-895f-4c6b-a598-165073c41df7" printFilename="\2015\05\26/637f065f-895f-4c6b-a598-165073c41df7/links/GrayBox.jpg" webFilename="\2015\05\26/637f065f-895f-4c6b-a598-165073c41df7/weblinks/GrayBox_994.jpg" thumbnailFilename="GrayBox_1974.jpg" pixelWidth="1250" pixelHeight="1250" /><ImageAsset imageId="bae80a03-00cd-41df-9323-ca92f1245cc6" printFilename="\2015\05\26/bae80a03-00cd-41df-9323-ca92f1245cc6/links/CS.1PGC4199_1.psd" webFilename="\2015\05\26/bae80a03-00cd-41df-9323-ca92f1245cc6/weblinks/CS.1PGC4199_1_1975.png" printFileVisibleLayerList="CARD ART" thumbnailFilename="CS.1PGC4199_1_1975.jpg" pixelWidth="1579" pixelHeight="1223" /><ImageAsset imageId="70f4d9fb-1e43-4f7e-b23c-48f5c49b48b3" printFilename="\2015\05\26/70f4d9fb-1e43-4f7e-b23c-48f5c49b48b3/links/1PGC4199_converted_COMMON.pdf" webFilename="\2015\05\26/70f4d9fb-1e43-4f7e-b23c-48f5c49b48b3/weblinks/1PGC4199_converted_COMMON_2213.png" printFileType="pdf" printFilePart="1" printFileCrop="CROP_ART" thumbnailFilename="1PGC4199_converted_COMMON_2197.jpg" pixelWidth="" pixelHeight="" /></imageAssets><defaults /><fonts displayGlobalFontList="true"><Font fontFamily="Apex Sans"><fontVariant fontId="apexsans-book" fontStyle="Book" fullName="ApexSans-Book" postScriptName="ApexSans-Book" designerLabel="ApexSans-Book" designerLabelId="" designerWeight="normal" designerStyle="normal" type="OTF CFF" source="ApexSans-Book.swf" fileName="ApexSans Book.otf" htmlFontFamily="" fontServiceId="" fontServiceFamilyName="" designerFamily="Apex Sans" designerHidden="false" appliedToTemplate="false"><fontMetrics><![CDATA[Font Metrics Not Generated]]></fontMetrics></fontVariant></Font></fonts><pages><Page number="1" addImageFrames="true" addTextFrames="true" uploadUserImages="true" designerLabel="Page 1" width="364.5" height="279"><PageItemBlock layer="UNDERPRINT_FT" scriptLabel="id=1970|displayName=Rectangle_1970|type=image|required=false|visible=true|preview=always|publish=always|contentSelectable=false|helpText=|selectable=false|contentCopyable=false|contentFlippable=true|contentMovable=false|contentRotatable=false|contentScalable=false|copyable=false|movable=false|rotatable=false|scaleProportionally=true|flippable=true|scalable=false|contentType=|deletable=false|contentDeletable=false|rotationConstraint=45|rotationLimit=90|scaleType=fitContentProportionally|positionLimit=none|positionLimitOffset=0|floating=false" type="image" selectable="false" sequence="" designerLabel="Rectangle_1970" completed="false" deletable="false" movable="false" visible="true" floating="false" copyable="false" publish="always" preview="always" positionLimits="none" positionLimitsOffset="0" rotatable="false" rotationLimit="90" rotationConstraint="45" scalable="false" scaleProportionally="true" scaleType="fitContentProportionally" contentType="" restrictedArea="none" userInteracted="false" flippable="true" placeholderContent="false" id="1970"><RasterBlock type="Rectangle"><Frame xOffset="-7.2000" yOffset="-7.2000" width="378.9000" height="293.4000" rotation="0" rotationLimit="90" verticalScale="100" overflow="false" borderStroke="0" borderColor="" borderSwatchName="" strokeOpacity="100" strokeType="solid" fillColor="" fillSwatchName="" fillOpacity="100" opacity="100" strokeBlendMode="normal" fillBlendMode="normal" blendMode="normal" contentBlendMode="normal" selectable="false" movable="false" copyable="false" positionLimits="none" positionLimitsOffset="0" rotatable="false" rotationConstraint="45" scalable="false" scaleProportionally="true" scaleType="fitContentProportionally" flippable="true" fillColorChangeable="true" strokeColorChangeable="true" opacityChangeable="true" blendModeChangeable="true"><Mask data="M -7.19999999999993 -7.19999999999999 L -7.19999999999993 286.2 L 371.7 286.2 L 371.7 -7.19999999999999 L -7.19999999999993 -7.19999999999999 Z " /></Frame><Image opacity="100" imageId="409ea8ed-0c23-4e9e-925f-0504a873121a" filterId="" xOffset="-7.2000" yOffset="-7.2000" width="378.9600" height="293.5200" rotation="0" verticalScale="100" selectable="false" deletable="false" movable="false" copyable="false" rotatable="false" scalable="false" flippable="true" opacityChangeable="true" /></RasterBlock></PageItemBlock><PageItemBlock layer="FT_1" scriptLabel="id=1974|displayName=FT_1_G_2|type=image|requireUserContent=true|required=false|visible=true|preview=always|publish=always|contentSelectable=true|helpText=|selectable=false|contentCopyable=false|contentFlippable=true|contentMovable=true|contentRotatable=true|contentScalable=true|copyable=false|movable=false|rotatable=false|scaleProportionally=true|flippable=true|scalable=false|contentType=|deletable=false|contentDeletable=true|rotationConstraint=45|rotationLimit=90|scaleType=fitContentProportionally|positionLimit=none|positionLimitOffset=0|floating=false|ttOccasion=Hallmark variables|ttVariableCount=1|ttVariableData=Graphic 2,G_2,case0,-1,false" type="image" selectable="false" sequence="" designerLabel="FT_1_G_2" completed="false" deletable="false" movable="false" visible="true" floating="false" copyable="false" publish="always" preview="always" positionLimits="none" positionLimitsOffset="0" rotatable="false" rotationLimit="90" rotationConstraint="45" scalable="false" scaleProportionally="true" scaleType="fitContentProportionally" contentType="" restrictedArea="none" userInteracted="false" flippable="true" placeholderContent="true" id="1974" spi_var="G_2" spi_var_label="Graphic 2" spi_var_required="false" spi_var_nonEditable="false"><RasterBlock type="Rectangle"><Frame xOffset="26.2500" yOffset="29.2500" width="310.5000" height="203.2500" rotation="0" rotationLimit="90" verticalScale="100" overflow="false" borderStroke="0" borderColor="" borderSwatchName="" strokeOpacity="100" strokeType="solid" fillColor="" fillSwatchName="" fillOpacity="100" opacity="100" strokeBlendMode="normal" fillBlendMode="normal" blendMode="normal" contentBlendMode="normal" selectable="false" movable="false" copyable="false" positionLimits="none" positionLimitsOffset="0" rotatable="false" rotationConstraint="45" scalable="false" scaleProportionally="true" scaleType="fitContentProportionally" flippable="true" fillColorChangeable="true" strokeColorChangeable="true" opacityChangeable="true" blendModeChangeable="true"><Mask data="M 26.25 29.25 L 26.25 232.5 L 336.75 232.5 L 336.75 29.25 L 26.25 29.25 Z " /></Frame><Image opacity="100" imageId="637f065f-895f-4c6b-a598-165073c41df7" filterId="" xOffset="26.2500" yOffset="29.2500" width="310.5000" height="203.2500" rotation="0" verticalScale="100" selectable="true" deletable="true" movable="true" copyable="false" rotatable="true" scalable="true" flippable="true" opacityChangeable="true" /></RasterBlock></PageItemBlock><PageItemBlock layer="FT_1" scriptLabel="id=1975|displayName=FT_1_G_1|type=image|required=false|visible=true|preview=always|publish=always|contentSelectable=false|helpText=|selectable=false|contentCopyable=false|contentFlippable=true|contentMovable=false|contentRotatable=false|contentScalable=false|copyable=false|movable=false|rotatable=false|scaleProportionally=true|flippable=true|scalable=false|contentType=|deletable=false|contentDeletable=false|rotationConstraint=45|rotationLimit=90|scaleType=fitContentProportionally|positionLimit=none|positionLimitOffset=0|floating=false|ttOccasion=Hallmark variables|ttVariableCount=1|ttVariableData=Graphic 1,G_1,case0,-1,false" type="image" selectable="false" sequence="" designerLabel="FT_1_G_1" completed="false" deletable="false" movable="false" visible="true" floating="false" copyable="false" publish="always" preview="always" positionLimits="none" positionLimitsOffset="0" rotatable="false" rotationLimit="90" rotationConstraint="45" scalable="false" scaleProportionally="true" scaleType="fitContentProportionally" contentType="" restrictedArea="none" userInteracted="false" flippable="true" placeholderContent="false" id="1975" spi_var="G_1" spi_var_label="Graphic 1" spi_var_required="false" spi_var_nonEditable="false"><RasterBlock type="Rectangle"><Frame xOffset="-7.2000" yOffset="-7.2000" width="378.9000" height="293.4000" rotation="0" rotationLimit="90" verticalScale="100" overflow="false" borderStroke="0" borderColor="" borderSwatchName="" strokeOpacity="100" strokeType="solid" fillColor="" fillSwatchName="" fillOpacity="100" opacity="100" strokeBlendMode="normal" fillBlendMode="normal" blendMode="normal" contentBlendMode="normal" selectable="false" movable="false" copyable="false" positionLimits="none" positionLimitsOffset="0" rotatable="false" rotationConstraint="45" scalable="false" scaleProportionally="true" scaleType="fitContentProportionally" flippable="true" fillColorChangeable="true" strokeColorChangeable="true" opacityChangeable="true" blendModeChangeable="true"><Mask data="M -7.19999999999993 -7.19999999999999 L -7.19999999999993 286.2 L 371.7 286.2 L 371.7 -7.19999999999999 L -7.19999999999993 -7.19999999999999 Z " /></Frame><Image opacity="100" imageId="bae80a03-00cd-41df-9323-ca92f1245cc6" filterId="" xOffset="-7.2000" yOffset="-7.2000" width="378.9600" height="293.5200" rotation="0" verticalScale="100" selectable="false" deletable="false" movable="false" copyable="false" rotatable="false" scalable="false" flippable="true" opacityChangeable="true" /></RasterBlock></PageItemBlock><PageItemBlock layer="COMMON" scriptLabel="type=graphic|selectable=false|deletable=false|movable=false|rotatable=false|visible=true|scalable=false|floating=false|publish=always|preview=always|copyable=false|displayName=COMMON items|id=2197|contentSelectable=false|contentDeletable=false|contentMovable=false|contentRotatable=false|contentScalable=false|contentCopyable=false" type="graphic" selectable="false" sequence="" designerLabel="COMMON items" completed="false" deletable="false" movable="false" visible="true" floating="false" copyable="false" publish="always" preview="always" positionLimits="none" positionLimitsOffset="0" rotatable="false" rotationLimit="0" scalable="false" scaleProportionally="true" scaleType="fitContentProportionally" contentType="" restrictedArea="none" userInteracted="false" flippable="true" placeholderContent="false" id="2197"><VectorBlock type="Rectangle"><Frame xOffset="0.0000" yOffset="0.0000" width="364.5000" height="279.0000" rotation="0" rotationLimit="0" verticalScale="100" overflow="false" borderStroke="0" borderColor="" borderSwatchName="" strokeOpacity="100" strokeType="solid" fillColor="" fillSwatchName="" fillOpacity="100" opacity="100" strokeBlendMode="normal" fillBlendMode="normal" blendMode="normal" contentBlendMode="normal" selectable="false" movable="false" copyable="false" positionLimits="none" positionLimitsOffset="0" rotatable="false" scalable="false" scaleProportionally="true" scaleType="fitContentProportionally" flippable="true" fillColorChangeable="true" strokeColorChangeable="true" opacityChangeable="true" blendModeChangeable="true"><Mask data="M 0 0 L 0 279 L 364.5 279 L 364.5 0 L 0 0 Z " /></Frame><Image opacity="100" imageId="70f4d9fb-1e43-4f7e-b23c-48f5c49b48b3" filterId="" xOffset="0.0000" yOffset="0.0000" width="364.5000" height="279.0000" rotation="0" verticalScale="100" selectable="false" deletable="false" movable="false" copyable="false" rotatable="false" scalable="false" opacityChangeable="true" /></VectorBlock></PageItemBlock><PageItemBlock layer="COMMON" scriptLabel="type=3DPanel|id=2261|selectable=false|deletable=false|movable=false|rotatable=false|visible=false|scalable=false|helpText=|contentType=Up is north|contentSubtype=|publish=never|preview=never|copyable=false|floating=false|displayName=Outside Front Panel" type="3DPanel" selectable="false" sequence="" designerLabel="Outside Front Panel" completed="false" deletable="false" movable="false" visible="false" floating="false" copyable="false" publish="never" preview="never" positionLimits="none" positionLimitsOffset="0" rotatable="false" rotationLimit="0" scalable="false" scaleProportionally="true" scaleType="fitContentProportionally" contentType="Up is north" restrictedArea="none" userInteracted="false" flippable="true" placeholderContent="false" id="2261"><ObjectBlock type="Rectangle"><Frame xOffset="0.0000" yOffset="0.0000" width="364.5000" height="279.0000" rotation="0" rotationLimit="0" verticalScale="100" overflow="false" borderStroke="0" borderColor="" borderSwatchName="" strokeOpacity="100" strokeType="solid" fillColor="" fillSwatchName="" fillOpacity="100" opacity="100" strokeBlendMode="normal" fillBlendMode="normal" blendMode="normal" contentBlendMode="normal" selectable="false" movable="false" copyable="false" positionLimits="none" positionLimitsOffset="0" rotatable="false" scalable="false" scaleProportionally="true" scaleType="fitContentProportionally" flippable="true" fillColorChangeable="true" strokeColorChangeable="true" opacityChangeable="true" blendModeChangeable="true"><Path data="M 0 0 L 0 279 L 364.5 279 L 364.5 0 L 0 0 Z " /></Frame></ObjectBlock></PageItemBlock></Page></pages></Template>